workflow,count,runs
2507,1210,{27980: 1210}
2508,497,{27980: 497}
2509,3494,"{27980: 3255, 27994: 4, 27997: 226, 27992: 4, 27995: 1, 27989: 3, 27991: 1}"
2510,499,{27980: 499}
2511,384,{27980: 384}
2512,6692,"{27980: 3389, 27994: 6, 27995: 1, 27997: 3288, 27992: 4, 27989: 3, 27991: 1}"
2513,7506,"{28005: 64, 28006: 4744, 27997: 1144, 28007: 1554}"
2514,5196,"{28007: 3706, 28008: 1490}"
2515,5761,"{28008: 3734, 28009: 485, 28010: 1542}"
2516,7207,{28010: 7207}
2517,5811,"{28010: 2057, 28011: 552, 28012: 3202}"
2518,5792,"{28012: 2137, 28014: 96, 28015: 583, 28016: 2976}"
2521,7514,"{28012: 2139, 28014: 96, 28015: 583, 28016: 4696}"
2522,6749,"{28016: 2322, 28017: 4427}"
2523,4820,"{28017: 1163, 28018: 2, 28019: 1, 28020: 2325, 28021: 504, 28023: 825}"
2529,10,{12352: 10}
2534,8042,{28023: 8042}
2535,9455,"{28023: 317, 28024: 1498, 28025: 639, 28028: 336, 28027: 136, 28029: 88, 28031: 256, 28033: 24, 28034: 1143, 28035: 3852, 28046: 743, 28047: 423}"
2541,2885,"{28049: 2445, 28047: 401, 28048: 39}"
2542,3109,"{28049: 955, 28051: 208, 28052: 678, 28053: 263, 28054: 872, 28055: 107, 28056: 26}"
2553,3361,{28059: 3361}
2554,3105,{28059: 3105}
2599,139,{28135: 139}
2600,139,{28135: 139}
2607,139,{28135: 139}
2634,139,{28135: 139}
2640,139,{28135: 139}
2643,438,"{28135: 56, 28146: 257, 28199: 24, 28201: 101}"
2646,1085,{28201: 1085}
2647,1083,"{28204: 496, 28201: 227, 28202: 360}"
2648,1389,{28204: 1389}
2649,1361,"{28204: 117, 28205: 2, 28206: 1242}"
2650,1397,{28206: 1397}
2651,2549,"{28206: 302, 28208: 6, 28209: 13, 28212: 128, 28210: 183, 28211: 24, 28213: 378, 28215: 118, 28217: 379, 28216: 120, 28219: 182, 28218: 120, 28220: 389, 28223: 10, 28222: 6, 28224: 74, 28225: 8, 28228: 10, 28269: 6, 28278: 6, 28272: 6, 28290: 6, 28318: 7, 28311: 7, 28275: 6, 28287: 6, 28284: 6, 28281: 6, 28298: 6, 28315: 7, 28294: 5, 28308: 7, 28301: 6, 28304: 6}"
2652,26,"{28326: 7, 28330: 7, 28331: 6, 28322: 6}"
2653,1788,"{28503: 52, 28502: 24, 28510: 41, 28508: 12, 28479: 204, 28468: 208, 28470: 200, 28469: 128, 28473: 64, 28474: 192, 28471: 72, 28475: 48, 28476: 88, 28477: 152, 28478: 250, 28512: 39, 28511: 14}"
2654,1103,{28510: 1103}
2655,2460,"{28510: 271, 28520: 232, 28516: 364, 28514: 22, 28517: 4, 28515: 2, 28523: 37, 28524: 1528}"
2658,5696,"{28049: 956, 28054: 944, 28052: 680, 28059: 1812, 28053: 264, 28051: 208, 28057: 160, 28055: 200, 28058: 336, 28056: 136}"
2659,5207,{28524: 5207}
2667,6016,"{28524: 693, 28526: 1264, 28528: 4059}"
2677,3118,{28049: 3118}
2678,10,{12352: 10}
2683,1915,{28528: 1915}
2685,7838,{28059: 7838}
2689,5875,"{28528: 4618, 28536: 1030, 28542: 227}"
2721,6934,"{28542: 2029, 28543: 214, 28544: 834, 28545: 3857}"
2724,2863,{28059: 2863}
2727,2770,"{28062: 872, 28065: 72, 28059: 499, 28067: 136, 28066: 448, 28070: 743}"
2732,6700,"{27980: 3392, 27989: 3, 27994: 6, 27992: 4, 27995: 1, 27997: 3293, 27991: 1}"
2733,7514,"{28005: 64, 27997: 1147, 28006: 4749, 28007: 1554}"
2741,7221,{28545: 7221}
2743,5184,"{28008: 1477, 28007: 3707}"
2744,5765,"{28010: 1548, 28009: 488, 28008: 3729}"
2745,8015,"{28548: 5381, 28545: 1578, 28546: 448, 28547: 608}"
2746,7874,{28548: 7874}
2753,7963,{28548: 7963}
2758,1472,"{28548: 924, 28549: 547, 28550: 1}"
